Dates,Price
2015-11-16,14.2873
2015-11-17,14.2667
2015-11-18,14.738
2015-11-19,14.7867
2015-11-20,14.6673
2015-11-23,14.5167
2015-11-24,14.55
2015-11-25,15.3093
2015-11-27,15.4407
2015-11-30,15.3507
2015-12-01,15.8127
2015-12-02,15.466
2015-12-03,15.514
2015-12-04,15.3587
2015-12-07,15.4087
2015-12-08,15.1147
2015-12-09,14.968
2015-12-10,15.138
2015-12-11,14.468
2015-12-14,14.572
2015-12-15,14.7393
2015-12-16,15.634
2015-12-17,15.5593
2015-12-18,15.364
2015-12-21,15.504
2015-12-22,15.33
2015-12-23,15.3133
2015-12-24,15.3713
2015-12-28,15.2633
2015-12-29,15.8127
2015-12-30,15.8727
2015-12-31,16.0007
2016-01-04,14.894
2016-01-05,14.8953
2016-01-06,14.6027
2016-01-07,14.3767
2016-01-08,14.0667
2016-01-11,13.8567
2016-01-12,13.998
2016-01-13,13.354
2016-01-14,13.7453
2016-01-15,13.666
2016-01-19,13.648
2016-01-20,13.2467
2016-01-21,13.3313
2016-01-22,13.5033
2016-01-25,13.0913
2016-01-26,12.904
2016-01-27,12.538
2016-01-28,12.6467
2016-01-29,12.7407
2016-02-01,13.1293
2016-02-02,12.1853
2016-02-03,11.5653
2016-02-04,11.6887
2016-02-05,10.84
2016-02-08,9.86867
2016-02-09,9.88333
2016-02-10,9.578
2016-02-11,10.0313
2016-02-12,10.0693
2016-02-16,10.3447
2016-02-17,11.2453
2016-02-18,11.118
2016-02-19,11.1053
2016-02-22,11.8493
2016-02-23,11.814
2016-02-24,11.9333
2016-02-25,12.4953
2016-02-26,12.6893
2016-02-29,12.7953
2016-03-01,12.4233
2016-03-02,12.556
2016-03-03,13.0493
2016-03-04,13.4027
2016-03-07,13.686
2016-03-08,13.5067
2016-03-09,13.9147
2016-03-10,13.6787
2016-03-11,13.8333
2016-03-14,14.3433
2016-03-15,14.556
2016-03-16,14.7953
2016-03-17,15.092
2016-03-18,15.516
2016-03-21,15.888
2016-03-22,15.616
2016-03-23,14.8387
2016-03-24,15.1833
2016-03-28,15.3507
2016-03-29,15.342
2016-03-30,15.126
2016-03-31,15.318
2016-04-01,15.8393
2016-04-04,16.466
2016-04-05,17.0313
2016-04-06,17.6947
2016-04-07,17.1467
2016-04-08,16.6713
2016-04-11,16.6613
2016-04-12,16.5213
2016-04-13,16.9687
2016-04-14,16.7907
2016-04-15,16.9673
2016-04-18,16.9253
2016-04-19,16.4913
2016-04-20,16.6647
2016-04-21,16.5527
2016-04-22,16.9167
2016-04-25,16.788
2016-04-26,16.916
2016-04-27,16.7647
2016-04-28,16.514
2016-04-29,16.0507
2016-05-02,16.12
2016-05-03,15.488
2016-05-04,14.8373
2016-05-05,14.102
2016-05-06,14.3287
2016-05-09,13.928
2016-05-10,13.9127
2016-05-11,13.9307
2016-05-12,13.8133
2016-05-13,13.8407
2016-05-16,13.886
2016-05-17,13.644
2016-05-18,14.078
2016-05-19,14.3473
2016-05-20,14.6853
2016-05-23,14.4147
2016-05-24,14.5273
2016-05-25,14.6387
2016-05-26,15.008
2016-05-27,14.8693
2016-05-31,14.882
2016-06-01,14.6373
2016-06-02,14.5973
2016-06-03,14.5993
2016-06-06,14.712
2016-06-07,15.4893
2016-06-08,15.7013
2016-06-09,15.2907
2016-06-10,14.586
2016-06-13,14.5247
2016-06-14,14.33
2016-06-15,14.5133
2016-06-16,14.5287
2016-06-17,14.3653
2016-06-20,14.6467
2016-06-21,14.6407
2016-06-22,13.1107
2016-06-23,13.0933
2016-06-24,12.8767
2016-06-27,13.2367
2016-06-28,13.4527
2016-06-29,14.0107
2016-06-30,14.152
2016-07-01,14.4333
2016-07-05,14.2653
2016-07-06,14.296
2016-07-07,14.396
2016-07-08,14.452
2016-07-11,14.9853
2016-07-12,14.9767
2016-07-13,14.8353
2016-07-14,14.7687
2016-07-15,14.6913
2016-07-18,15.0833
2016-07-19,15.0173
2016-07-20,15.224
2016-07-21,14.7
2016-07-22,14.818
2016-07-25,15.334
2016-07-26,15.3007
2016-07-27,15.2327
2016-07-28,15.374
2016-07-29,15.6527
2016-08-01,15.334
2016-08-02,15.1467
2016-08-03,15.0387
2016-08-04,15.374
2016-08-05,15.3353
2016-08-08,15.0773
2016-08-09,15.272
2016-08-10,15.0433
2016-08-11,14.994
2016-08-12,15.0407
2016-08-15,15.0393
2016-08-16,14.9073
2016-08-17,14.8827
2016-08-18,14.9007
2016-08-19,15
2016-08-22,14.862
2016-08-23,14.9893
2016-08-24,14.8413
2016-08-25,14.7307
2016-08-26,14.666
2016-08-29,14.3467
2016-08-30,14.0893
2016-08-31,14.134
2016-09-01,13.3847
2016-09-02,13.1853
2016-09-06,13.5213
2016-09-07,13.4467
2016-09-08,13.1573
2016-09-09,12.9647
2016-09-12,13.22
2016-09-13,13.07
2016-09-14,13.094
2016-09-15,13.348
2016-09-16,13.6933
2016-09-19,13.756
2016-09-20,13.6427
2016-09-21,13.6813
2016-09-22,13.762
2016-09-23,13.83
2016-09-26,13.9327
2016-09-27,13.7207
2016-09-28,13.7513
2016-09-29,13.38
2016-09-30,13.602
2016-10-03,14.2467
2016-10-04,14.094
2016-10-05,13.8973
2016-10-06,13.4
2016-10-07,13.1073
2016-10-10,13.3967
2016-10-11,13.34
2016-10-12,13.434
2016-10-13,13.3493
2016-10-14,13.1007
2016-10-17,12.9307
2016-10-18,13.2733
2016-10-19,13.5707
2016-10-20,13.2733
2016-10-21,13.3393
2016-10-24,13.5173
2016-10-25,13.4893
2016-10-26,13.4827
2016-10-27,13.6007
2016-10-28,13.3313
2016-10-31,13.182
2016-11-01,12.7193
2016-11-02,12.5347
2016-11-03,12.4947
2016-11-04,12.704
2016-11-07,12.8807
2016-11-08,12.996
2016-11-09,12.6707
2016-11-10,12.3567
2016-11-11,12.5707
2016-11-14,12.0967
2016-11-15,12.2513
2016-11-16,12.262
2016-11-17,12.5773
2016-11-18,12.3347
2016-11-21,12.3133
2016-11-22,12.7447
2016-11-23,12.876
2016-11-25,13.11
2016-11-28,13.0747
2016-11-29,12.638
2016-11-30,12.6267
2016-12-01,12.1253
2016-12-02,12.098
2016-12-05,12.4533
2016-12-06,12.39
2016-12-07,12.876
2016-12-08,12.8193
2016-12-09,12.812
2016-12-12,12.8287
2016-12-13,13.21
2016-12-14,13.246
2016-12-15,13.172
2016-12-16,13.4993
2016-12-19,13.5153
2016-12-20,13.9193
2016-12-21,13.8467
2016-12-22,13.8967
2016-12-23,14.2227
2016-12-27,14.6353
2016-12-28,14.6493
2016-12-29,14.31
2016-12-30,14.246
2017-01-03,14.466
2017-01-04,15.1327
2017-01-05,15.1167
2017-01-06,15.2673
2017-01-09,15.4187
2017-01-10,15.3247
2017-01-11,15.3153
2017-01-12,15.306
2017-01-13,15.85
2017-01-17,15.7053
2017-01-18,15.8907
2017-01-19,16.2507
2017-01-20,16.3153
2017-01-23,16.5947
2017-01-24,16.974
2017-01-25,16.9647
2017-01-26,16.834
2017-01-27,16.864
2017-01-30,16.708
2017-01-31,16.7953
2017-02-01,16.616
2017-02-02,16.7693
2017-02-03,16.7553
2017-02-06,17.1847
2017-02-07,17.1653
2017-02-08,17.472
2017-02-09,17.9467
2017-02-10,17.9487
2017-02-13,18.7067
2017-02-14,18.732
2017-02-15,18.6507
2017-02-16,17.93
2017-02-17,18.1487
2017-02-21,18.4927
2017-02-22,18.234
2017-02-23,17.066
2017-02-24,17.1333
2017-02-27,16.4153
2017-02-28,16.666
2017-03-01,16.668
2017-03-02,16.6987
2017-03-03,16.7713
2017-03-06,16.7473
2017-03-07,16.5727
2017-03-08,16.4553
2017-03-09,16.3267
2017-03-10,16.246
2017-03-13,16.4113
2017-03-14,17.2
2017-03-15,17.0487
2017-03-16,17.47
2017-03-17,17.4333
2017-03-20,17.4613
2017-03-21,16.712
2017-03-22,17.0007
2017-03-23,16.9853
2017-03-24,17.544
2017-03-27,18.0147
2017-03-28,18.4967
2017-03-29,18.492
2017-03-30,18.528
2017-03-31,18.5533
2017-04-03,19.9013
2017-04-04,20.2453
2017-04-05,19.6667
2017-04-06,19.9133
2017-04-07,20.1693
2017-04-10,20.826
2017-04-11,20.5807
2017-04-12,19.7893
2017-04-13,20.2667
2017-04-17,20.096
2017-04-18,20.0167
2017-04-19,20.368
2017-04-20,20.1673
2017-04-21,20.3733
2017-04-24,20.5353
2017-04-25,20.9193
2017-04-26,20.678
2017-04-27,20.5753
2017-04-28,20.938
2017-05-01,21.522
2017-05-02,21.2593
2017-05-03,20.7347
2017-05-04,19.6973
2017-05-05,20.5567
2017-05-08,20.4793
2017-05-09,21.4173
2017-05-10,21.6813
2017-05-11,21.54
2017-05-12,21.654
2017-05-15,21.0587
2017-05-16,21.134
2017-05-17,20.4
2017-05-18,20.8707
2017-05-19,20.722
2017-05-22,20.69
2017-05-23,20.2573
2017-05-24,20.6813
2017-05-25,21.122
2017-05-26,21.676
2017-05-30,22.34
2017-05-31,22.734
2017-06-01,22.6913
2017-06-02,22.6567
2017-06-05,23.1547
2017-06-06,23.52
2017-06-07,23.9767
2017-06-08,24.6667
2017-06-09,23.8213
2017-06-12,23.934
2017-06-13,25.0633
2017-06-14,25.3773
2017-06-15,25.0227
2017-06-16,24.76
2017-06-19,24.6533
2017-06-20,24.816
2017-06-21,25.0933
2017-06-22,25.5073
2017-06-23,25.5633
2017-06-26,25.166
2017-06-27,24.158
2017-06-28,24.7493
2017-06-29,24.05
2017-06-30,24.1073
2017-07-03,23.5
2017-07-05,21.806
2017-07-06,20.5887
2017-07-07,20.8813
2017-07-10,21.07
2017-07-11,21.8147
2017-07-12,21.968
2017-07-13,21.5607
2017-07-14,21.852
2017-07-17,21.3047
2017-07-18,21.8827
2017-07-19,21.684
2017-07-20,21.9947
2017-07-21,21.8933
2017-07-24,22.8347
2017-07-25,22.64
2017-07-26,22.9233
2017-07-27,22.2973
2017-07-28,22.338
2017-07-31,21.5647
2017-08-01,21.3047
2017-08-02,21.726
2017-08-03,23.1383
2017-08-04,23.794
2017-08-07,23.678
2017-08-08,24.348
2017-08-09,24.2353
2017-08-10,23.6933
2017-08-11,23.858
2017-08-14,24.2533
2017-08-15,24.1553
2017-08-16,24.194
2017-08-17,23.4613
2017-08-18,23.164
2017-08-21,22.524
2017-08-22,22.7567
2017-08-23,23.518
2017-08-24,23.5287
2017-08-25,23.2033
2017-08-28,23.044
2017-08-29,23.1573
2017-08-30,23.5453
2017-08-31,23.7267
2017-09-01,23.6933
2017-09-05,23.306
2017-09-06,22.9687
2017-09-07,23.374
2017-09-08,22.8933
2017-09-11,24.246
2017-09-12,24.1833
2017-09-13,24.4153
2017-09-14,25.176
2017-09-15,25.3207
2017-09-18,25.6667
2017-09-19,25.0067
2017-09-20,24.9273
2017-09-21,24.432
2017-09-22,23.406
2017-09-25,22.9993
2017-09-26,23.0167
2017-09-27,22.7313
2017-09-28,22.64
2017-09-29,22.7347
2017-10-02,22.7687
2017-10-03,23.2093
2017-10-04,23.6673
2017-10-05,23.676
2017-10-06,23.789
2017-10-09,22.8627
2017-10-10,23.706
2017-10-11,23.64
2017-10-12,23.712
2017-10-13,23.7047
2017-10-16,23.3733
2017-10-17,23.7167
2017-10-18,23.9767
2017-10-19,23.454
2017-10-20,23.0067
2017-10-23,22.468
2017-10-24,22.4893
2017-10-25,21.7227
2017-10-26,21.7447
2017-10-27,21.3913
2017-10-30,21.3387
2017-10-31,22.102
2017-11-01,21.4053
2017-11-02,19.9507
2017-11-03,20.406
2017-11-06,20.1853
2017-11-07,20.4033
2017-11-08,20.2873
2017-11-09,20.1993
2017-11-10,20.1993
2017-11-13,21.0267
2017-11-14,20.58
2017-11-15,20.7533
2017-11-16,20.8333
2017-11-17,21.0033
2017-11-20,20.5827
2017-11-21,21.1873
2017-11-22,20.84
2017-11-24,21.0367
2017-11-27,21.1207
2017-11-28,21.174
2017-11-29,20.5027
2017-11-30,20.5967
2017-12-01,20.4353
2017-12-04,20.3467
2017-12-05,20.2467
2017-12-06,20.8847
2017-12-07,20.7507
2017-12-08,21.0087
2017-12-11,21.9267
2017-12-12,22.7353
2017-12-13,22.602
2017-12-14,22.526
2017-12-15,22.8953
2017-12-18,22.5873
2017-12-19,22.066
2017-12-20,21.932
2017-12-21,22.1107
2017-12-22,21.68
2017-12-26,21.1527
2017-12-27,20.776
2017-12-28,21.024
2017-12-29,20.7567
2018-01-02,21.3687
2018-01-03,21.15
2018-01-04,20.9747
2018-01-05,21.1053
2018-01-08,22.4273
2018-01-09,22.246
2018-01-10,22.32
2018-01-11,22.53
2018-01-12,22.4147
2018-01-16,22.6707
2018-01-17,23.144
2018-01-18,22.9713
2018-01-19,23.3347
2018-01-22,23.4373
2018-01-23,23.5193
2018-01-24,23.0593
2018-01-25,22.5093
2018-01-26,22.8567
2018-01-29,23.302
2018-01-30,23.0547
2018-01-31,23.6207
2018-02-01,23.2833
2018-02-02,22.9167
2018-02-05,22.2087
2018-02-06,22.2647
2018-02-07,23
2018-02-08,21.0153
2018-02-09,20.6947
2018-02-12,21.0487
2018-02-13,21.5773
2018-02-14,21.4873
2018-02-15,22.271
2018-02-16,22.366
2018-02-20,22.3173
2018-02-21,22.22
2018-02-22,23.088
2018-02-23,23.47
2018-02-26,23.8233
2018-02-27,23.3993
2018-02-28,22.8707
2018-03-01,22.062
2018-03-02,22.3413
2018-03-05,22.2233
2018-03-06,21.88
2018-03-07,22.1533
2018-03-08,21.94
2018-03-09,21.8113
2018-03-12,23.034
2018-03-13,22.7893
2018-03-14,21.7753
2018-03-15,21.7067
2018-03-16,21.4233
2018-03-19,20.904
2018-03-20,20.7033
2018-03-21,21.102
2018-03-22,20.6067
2018-03-23,20.1027
2018-03-26,20.2787
2018-03-27,18.612
2018-03-28,17.1853
2018-03-29,17.742
2018-04-02,16.832
2018-04-03,17.8353
2018-04-04,19.1293
2018-04-05,20.3813
2018-04-06,19.9533
2018-04-09,19.3107
2018-04-10,20.3133
2018-04-11,20.062
2018-04-12,19.6053
2018-04-13,20.0227
2018-04-16,19.414
2018-04-17,19.1793
2018-04-18,19.5567
2018-04-19,20.0053
2018-04-20,19.3493
2018-04-23,18.8913
2018-04-24,18.8973
2018-04-25,18.7127
2018-04-26,19.032
2018-04-27,19.605
2018-04-30,19.5933
2018-05-01,19.9947
2018-05-02,20.0767
2018-05-03,18.9633
2018-05-04,19.606
2018-05-07,20.1847
2018-05-08,20.1313
2018-05-09,20.4567
2018-05-10,20.3347
2018-05-11,20.0707
2018-05-14,19.4647
2018-05-15,18.9453
2018-05-16,19.0987
2018-05-17,18.9693
2018-05-18,18.4547
2018-05-21,18.966
2018-05-22,18.334
2018-05-23,18.6047
2018-05-24,18.5233
2018-05-25,18.59
2018-05-29,18.9173
2018-05-30,19.448
2018-05-31,18.982
2018-06-01,19.4547
2018-06-04,19.7827
2018-06-05,19.4087
2018-06-06,21.3
2018-06-07,21.0727
2018-06-08,21.1773
2018-06-11,22.14
2018-06-12,22.8513
2018-06-13,22.9853
2018-06-14,23.848
2018-06-15,23.878
2018-06-18,24.722
2018-06-19,23.5033
2018-06-20,24.148
2018-06-21,23.1673
2018-06-22,22.242
2018-06-25,22.2007
2018-06-26,22.8
2018-06-27,22.9667
2018-06-28,23.3287
2018-06-29,22.8633
2018-07-02,22.338
2018-07-03,20.724
2018-07-05,20.6107
2018-07-06,20.5933
2018-07-09,21.234
2018-07-10,21.498
2018-07-11,21.264
2018-07-12,21.114
2018-07-13,21.258
2018-07-16,20.6733
2018-07-17,21.5127
2018-07-18,21.59
2018-07-19,21.3487
2018-07-20,20.9053
2018-07-23,20.2133
2018-07-24,19.8287
2018-07-25,20.5827
2018-07-26,20.4433
2018-07-27,19.812
2018-07-30,19.3447
2018-07-31,19.876
2018-08-01,20.056
2018-08-02,23.3027
2018-08-03,23.2113
2018-08-06,22.7993
2018-08-07,25.3047
2018-08-08,24.6893
2018-08-09,23.4967
2018-08-10,23.6993
2018-08-13,23.7607
2018-08-14,23.176
2018-08-15,22.5793
2018-08-16,22.3633
2018-08-17,20.3667
2018-08-20,20.5627
2018-08-21,21.46
2018-08-22,21.4427
2018-08-23,21.34
2018-08-24,21.5213
2018-08-27,21.2847
2018-08-28,20.7907
2018-08-29,20.334
2018-08-30,20.21
2018-08-31,20.1107
2018-09-04,19.2633
2018-09-05,18.716
2018-09-06,18.73
2018-09-07,17.5493
2018-09-10,19.0333
2018-09-11,18.6293
2018-09-12,19.3693
2018-09-13,19.2973
2018-09-14,19.68
2018-09-17,19.656
2018-09-18,18.9973
2018-09-19,19.9347
2018-09-20,19.8887
2018-09-21,19.94
2018-09-24,19.9787
2018-09-25,20.066
2018-09-26,20.6387
2018-09-27,20.5013
2018-09-28,17.6513
2018-10-01,20.7133
2018-10-02,20.068
2018-10-03,19.6533
2018-10-04,18.7887
2018-10-05,17.4633
2018-10-08,16.704
2018-10-09,17.52
2018-10-10,17.1253
2018-10-11,16.8153
2018-10-12,17.252
2018-10-15,17.306
2018-10-16,18.4393
2018-10-17,18.1187
2018-10-18,17.594
2018-10-19,17.3333
2018-10-22,17.3967
2018-10-23,19.6093
2018-10-24,19.2333
2018-10-25,20.9907
2018-10-26,22.06
2018-10-29,22.3233
2018-10-30,21.9933
2018-10-31,22.488
2018-11-01,22.952
2018-11-02,23.094
2018-11-05,22.76
2018-11-06,22.7373
2018-11-07,23.2107
2018-11-08,23.4267
2018-11-09,23.3673
2018-11-12,22.0853
2018-11-13,22.582
2018-11-14,22.9333
2018-11-15,23.2293
2018-11-16,23.6207
2018-11-19,23.5647
2018-11-20,23.166
2018-11-21,22.546
2018-11-23,21.722
2018-11-26,23.0667
2018-11-27,22.928
2018-11-28,23.1913
2018-11-29,22.7447
2018-11-30,23.3653
2018-12-03,23.8993
2018-12-04,23.98
2018-12-06,24.204
2018-12-07,23.8643
2018-12-10,24.3433
2018-12-11,24.4507
2018-12-12,24.44
2018-12-13,25.1193
2018-12-14,24.3807
2018-12-17,23.228
2018-12-18,22.4687
2018-12-19,22.198
2018-12-20,21.0253
2018-12-21,21.318
2018-12-24,19.6927
2018-12-26,21.7393
2018-12-27,21.0753
2018-12-28,22.258
2018-12-31,22.1867
2019-01-02,20.6747
2019-01-03,20.024
2019-01-04,21.1793
2019-01-07,22.3307
2019-01-08,22.3567
2019-01-09,22.5687
2019-01-10,22.998
2019-01-11,23.1507
2019-01-14,22.2933
2019-01-15,22.962
2019-01-16,23.07
2019-01-17,23.154
2019-01-18,20.1507
2019-01-22,19.928
2019-01-23,19.1727
2019-01-24,19.434
2019-01-25,19.8027
2019-01-28,19.7587
2019-01-29,19.8307
2019-01-30,20.5847
2019-01-31,20.468
2019-02-01,20.814
2019-02-04,20.8593
2019-02-05,21.4233
2019-02-06,21.148
2019-02-07,20.5007
2019-02-08,20.3867
2019-02-11,20.856
2019-02-12,20.7873
2019-02-13,20.5447
2019-02-14,20.2513
2019-02-15,20.5253
2019-02-19,20.376
2019-02-20,20.1707
2019-02-21,19.4153
2019-02-22,19.6473
2019-02-25,19.918
2019-02-26,19.8573
2019-02-27,20.9827
2019-02-28,21.3253
2019-03-01,19.6527
2019-03-04,19.024
2019-03-05,18.436
2019-03-06,18.416
2019-03-07,18.4393
2019-03-08,18.9427
2019-03-11,19.3947
2019-03-12,18.8907
2019-03-13,19.264
2019-03-14,19.3307
2019-03-15,18.362
2019-03-18,17.966
2019-03-19,17.8313
2019-03-20,18.24
2019-03-21,18.268
2019-03-22,17.6353
2019-03-25,17.3613
2019-03-26,17.8513
2019-03-27,18.322
2019-03-28,18.5747
2019-03-29,18.6573
2019-04-01,19.2787
2019-04-02,19.0587
2019-04-03,19.454
2019-04-04,17.852
2019-04-05,18.3307
2019-04-08,18.2133
2019-04-09,18.154
2019-04-10,18.404
2019-04-11,17.8947
2019-04-12,17.8467
2019-04-15,17.7587
2019-04-16,18.224
2019-04-17,18.082
2019-04-18,18.2173
2019-04-22,17.5167
2019-04-23,17.5933
2019-04-24,17.244
2019-04-25,16.5047
2019-04-26,15.676
2019-04-29,16.098
2019-04-30,15.9127
2019-05-01,15.6007
2019-05-02,16.2733
2019-05-03,17.002
2019-05-06,17.0227
2019-05-07,16.4707
2019-05-08,16.3227
2019-05-09,16.132
2019-05-10,15.968
2019-05-13,15.134
2019-05-14,15.4873
2019-05-15,15.4633
2019-05-16,15.222
2019-05-17,14.0687
2019-05-20,13.6907
2019-05-21,13.672
2019-05-22,12.8487
2019-05-23,13.0327
2019-05-24,12.7087
2019-05-28,12.58
2019-05-29,12.6573
2019-05-30,12.548
2019-05-31,12.344
2019-06-03,11.9313
2019-06-04,12.9067
2019-06-05,13.106
2019-06-06,13.73
2019-06-07,13.6333
2019-06-10,14.192
2019-06-11,14.4733
2019-06-12,13.9507
2019-06-13,14.2607
2019-06-14,14.328
2019-06-17,15.002
2019-06-18,14.9827
2019-06-19,15.0953
2019-06-20,14.6413
2019-06-21,14.7907
2019-06-24,14.9093
2019-06-25,14.6507
2019-06-26,14.618
2019-06-27,14.856
2019-06-28,14.8973
2019-07-01,15.1447
2019-07-02,14.97
2019-07-03,15.66
2019-07-05,15.54
2019-07-08,15.356
2019-07-09,15.3373
2019-07-10,15.928
2019-07-11,15.9067
2019-07-12,16.3387
2019-07-15,16.9
2019-07-16,16.8253
2019-07-17,16.9907
2019-07-18,16.9027
2019-07-19,17.212
2019-07-22,17.0453
2019-07-23,17.3447
2019-07-24,17.6587
2019-07-25,15.2547
2019-07-26,15.2027
2019-07-29,15.718
2019-07-30,16.1507
2019-07-31,16.1073
2019-08-01,15.59
2019-08-02,15.6227
2019-08-05,15.2213
2019-08-06,15.3833
2019-08-07,15.5613
2019-08-08,15.8867
2019-08-09,15.6673
2019-08-12,15.2673
2019-08-13,15.6667
2019-08-14,14.6413
2019-08-15,14.376
2019-08-16,14.6627
2019-08-19,15.122
2019-08-20,15.0573
2019-08-21,14.722
2019-08-22,14.81
2019-08-23,14.0933
2019-08-26,14.3333
2019-08-27,14.272
2019-08-28,14.3727
2019-08-29,14.7807
2019-08-30,15.0407
2019-09-03,15.0007
2019-09-04,14.712
2019-09-05,15.3053
2019-09-06,15.1633
2019-09-09,15.4527
2019-09-10,15.7027
2019-09-11,16.4733
2019-09-12,16.3913
2019-09-13,16.3467
2019-09-16,16.1873
2019-09-17,16.3193
2019-09-18,16.2327
2019-09-19,16.44
2019-09-20,16.0413
2019-09-23,16.082
2019-09-24,14.8807
2019-09-25,15.2467
2019-09-26,16.1707
2019-09-27,16.142
2019-09-30,16.058
2019-10-01,16.3127
2019-10-02,16.2087
2019-10-03,15.5353
2019-10-04,15.4287
2019-10-07,15.848
2019-10-08,16.0033
2019-10-09,16.302
2019-10-10,16.316
2019-10-11,16.526
2019-10-14,17.1307
2019-10-15,17.1927
2019-10-16,17.3167
2019-10-17,17.4647
2019-10-18,17.13
2019-10-21,16.9
2019-10-22,17.0387
2019-10-23,16.9787
2019-10-24,19.9787
2019-10-25,21.8753
2019-10-28,21.8473
2019-10-29,21.0813
2019-10-30,21.0007
2019-10-31,20.9947
2019-11-01,20.8873
2019-11-04,21.1647
2019-11-05,21.148
2019-11-06,21.772
2019-11-07,22.3693
2019-11-08,22.476
2019-11-11,23.006
2019-11-12,23.3287
2019-11-13,23.074
2019-11-14,23.29
2019-11-15,23.478
2019-11-18,23.3327
2019-11-19,23.968
2019-11-20,23.4813
2019-11-21,23.6553
2019-11-22,22.2027
2019-11-25,22.4227
2019-11-26,21.928
2019-11-27,22.07
2019-11-29,21.996
2019-12-02,22.3247
2019-12-03,22.4133
2019-12-04,22.202
2019-12-05,22.0247
2019-12-06,22.3927
2019-12-09,22.6353
2019-12-10,23.256
2019-12-11,23.5133
2019-12-12,23.9787
2019-12-13,23.8927
2019-12-16,25.4333
2019-12-17,25.266
2019-12-18,26.21
2019-12-19,26.936
2019-12-20,27.0393
2019-12-23,27.948
2019-12-24,28.35
2019-12-26,28.7293
2019-12-27,28.692
2019-12-30,27.6467
2019-12-31,27.8887
2020-01-02,28.684
2020-01-03,29.534
2020-01-06,30.1027
2020-01-07,31.2707
2020-01-08,32.8093
2020-01-09,32.0893
2020-01-10,31.8767
2020-01-13,34.99
2020-01-14,35.86
2020-01-15,34.5667
2020-01-16,34.2333
2020-01-17,34.0333
2020-01-21,36.48
2020-01-22,37.97
2020-01-23,38.1467
2020-01-24,37.6533
2020-01-27,37.2
2020-01-28,37.7933
2020-01-29,38.7333
2020-01-30,42.72
2020-01-31,43.37
2020-02-03,52
2020-02-04,59.1367
2020-02-05,48.98
2020-02-06,49.93
2020-02-07,49.87
2020-02-10,51.42
2020-02-11,51.6267
2020-02-12,51.1533
2020-02-13,53.6
2020-02-14,53.3367
2020-02-18,57.2267
2020-02-19,61.16
2020-02-20,59.96
2020-02-21,60.0667
2020-02-24,55.5867
2020-02-25,53.3267
2020-02-26,51.92
2020-02-27,45.2667
2020-02-28,44.5333
2020-03-02,49.5733
2020-03-03,49.7
2020-03-04,49.9667
2020-03-05,48.3033
2020-03-06,46.9
2020-03-09,40.5333
2020-03-10,43.0233
2020-03-11,42.2833
2020-03-12,37.37
2020-03-13,36.44
2020-03-16,29.6713
2020-03-17,28.68
2020-03-18,24.0813
2020-03-19,28.5093
2020-03-20,28.502
2020-03-23,28.9527
2020-03-24,33.6667
2020-03-25,35.95
2020-03-26,35.21
2020-03-27,34.29
2020-03-30,33.4767
2020-03-31,34.9333
2020-04-01,32.104
2020-04-02,30.298
2020-04-03,32.0007
2020-04-06,34.4167
2020-04-07,36.3633
2020-04-08,36.59
2020-04-09,38.2
2020-04-13,43.3967
2020-04-14,47.3267
2020-04-15,48.6567
2020-04-16,49.68
2020-04-17,50.26
2020-04-20,49.7567
2020-04-21,45.78
2020-04-22,48.8067
2020-04-23,47.0433
2020-04-24,48.3433
2020-04-27,53.25
2020-04-28,51.2733
2020-04-29,53.3667
2020-04-30,52.1267
2020-05-01,46.7533
2020-05-04,50.7467
2020-05-05,51.2133
2020-05-06,52.1733
2020-05-07,52.0033
2020-05-08,54.6267
2020-05-11,54.0867
2020-05-12,53.96
2020-05-13,52.73
2020-05-14,53.5567
2020-05-15,53.2767
2020-05-18,54.2433
2020-05-19,53.8667
2020-05-20,54.37
2020-05-21,55.1733
2020-05-22,54.46
2020-05-26,54.59
2020-05-27,54.6833
2020-05-28,53.72
2020-05-29,55.6667
2020-06-01,59.8733
2020-06-02,58.77
2020-06-03,58.8633
2020-06-04,57.6267
2020-06-05,59.0433
2020-06-08,63.3267
2020-06-09,62.71
2020-06-10,68.3367
2020-06-11,64.8567
2020-06-12,62.3533
2020-06-15,66.06
2020-06-16,65.4767
2020-06-17,66.12
2020-06-18,66.93
2020-06-19,66.7267
2020-06-22,66.2867
2020-06-23,66.7867
2020-06-24,64.0567
2020-06-25,65.7333
2020-06-26,63.9833
2020-06-29,67.29
2020-06-30,71.9867
2020-07-01,74.6433
2020-07-02,80.5767
2020-07-06,91.44
2020-07-07,92.6567
2020-07-08,91.06
2020-07-09,92.9533
2020-07-10,102.977
2020-07-13,99.8033
2020-07-14,101.12
2020-07-15,103.067
2020-07-16,100.043
2020-07-17,100.057
2020-07-20,109.533
2020-07-21,104.557
2020-07-22,106.157
2020-07-23,100.87
2020-07-24,94.4667
2020-07-27,102.64
2020-07-28,98.4333
2020-07-29,99.94
2020-07-30,99.1667
2020-07-31,95.3833
2020-08-03,99
2020-08-04,99.1333
2020-08-05,99
2020-08-06,99.3067
2020-08-07,96.8467
2020-08-10,94.57
2020-08-11,91.6267
2020-08-12,103.65
2020-08-13,108.067
2020-08-14,110.047
2020-08-17,122.377
2020-08-18,125.807
2020-08-19,125.237
2020-08-20,133.457
2020-08-21,136.667
2020-08-24,134.28
2020-08-25,134.89
2020-08-26,143.543
2020-08-27,149.25
2020-08-28,147.56
2020-08-31,166.107
2020-09-01,158.35
2020-09-02,149.123
2020-09-03,135.667
2020-09-04,139.44
2020-09-08,110.07
2020-09-09,122.093
2020-09-10,123.78
2020-09-11,124.24
2020-09-14,139.873
2020-09-15,149.92
2020-09-16,147.253
2020-09-17,141.143
2020-09-18,147.383
2020-09-21,149.797
2020-09-22,141.41
2020-09-23,126.787
2020-09-24,129.263
2020-09-25,135.78
2020-09-28,140.4
2020-09-29,139.69
2020-09-30,143.003
2020-10-01,149.387
2020-10-02,138.363
2020-10-05,141.893
2020-10-06,137.993
2020-10-07,141.767
2020-10-08,141.973
2020-10-09,144.667
2020-10-12,147.433
2020-10-13,148.883
2020-10-14,153.767
2020-10-15,149.627
2020-10-16,146.557
2020-10-19,143.61
2020-10-20,140.647
2020-10-21,140.88
2020-10-22,141.93
2020-10-23,140.21
2020-10-26,140.093
2020-10-27,141.56
2020-10-28,135.34
2020-10-29,136.943
2020-10-30,129.347
2020-11-02,133.503
2020-11-03,141.3
2020-11-04,140.327
2020-11-05,146.03
2020-11-06,143.317
2020-11-09,140.42
2020-11-10,136.787
2020-11-11,139.043
2020-11-12,137.253
2020-11-13,136.167
2020-11-16,136.03
2020-11-17,147.203
2020-11-18,162.213
2020-11-19,166.423
2020-11-20,163.203
2020-11-23,173.95
2020-11-24,185.127
2020-11-25,191.333
2020-11-27,195.253
2020-11-30,189.2
2020-12-01,194.92
2020-12-02,189.607
2020-12-03,197.793
2020-12-04,199.68
2020-12-07,213.92
2020-12-08,216.627
2020-12-09,201.493
2020-12-10,209.023
2020-12-11,203.33
2020-12-14,213.277
2020-12-15,211.083
2020-12-16,207.59
2020-12-17,218.633
2020-12-18,231.667
2020-12-21,216.62
2020-12-22,213.447
2020-12-23,215.327
2020-12-24,220.59
2020-12-28,221.23
2020-12-29,221.997
2020-12-30,231.593
2020-12-31,235.223
2021-01-04,243.257
2021-01-05,245.037
2021-01-06,251.993
2021-01-07,272.013
2021-01-08,293.34
2021-01-11,270.397
2021-01-12,283.147
2021-01-13,284.803
2021-01-14,281.667
2021-01-15,275.387
2021-01-19,281.517
2021-01-20,283.483
2021-01-21,281.663
2021-01-22,282.213
2021-01-25,293.6
2021-01-26,294.363
2021-01-27,288.053
2021-01-28,278.477
2021-01-29,264.51
2021-02-01,279.937
2021-02-02,290.93
2021-02-03,284.897
2021-02-04,283.33
2021-02-05,284.077
2021-02-08,287.807
2021-02-09,283.153
2021-02-10,268.273
2021-02-11,270.553
2021-02-12,272.04
2021-02-16,265.407
2021-02-17,266.05
2021-02-18,262.46
2021-02-19,260.433
2021-02-22,238.167
2021-02-23,232.947
2021-02-24,247.34
2021-02-25,227.407
2021-02-26,225.167
2021-03-01,239.477
2021-03-02,228.813
2021-03-03,217.733
2021-03-04,207.147
2021-03-05,199.317
2021-03-08,187.667
2021-03-09,224.527
2021-03-10,222.687
2021-03-11,233.2
2021-03-12,231.243
2021-03-15,235.98
2021-03-16,225.627
2021-03-17,233.937
2021-03-18,217.72
2021-03-19,218.29
2021-03-22,223.333
2021-03-23,220.72
2021-03-24,210.09
2021-03-25,213.463
2021-03-26,206.237
2021-03-29,203.763
2021-03-30,211.873
2021-03-31,222.643
2021-04-01,220.583
2021-04-05,230.35
2021-04-06,230.54
2021-04-07,223.657
2021-04-08,227.933
2021-04-09,225.673
2021-04-12,233.993
2021-04-13,254.107
2021-04-14,244.077
2021-04-15,246.283
2021-04-16,246.593
2021-04-19,238.21
2021-04-20,239.663
2021-04-21,248.04
2021-04-22,239.897
2021-04-23,243.133
2021-04-26,246.067
2021-04-27,234.913
2021-04-28,231.467
2021-04-29,225.667
2021-04-30,236.48
2021-05-03,228.3
2021-05-04,224.533
2021-05-05,223.647
2021-05-06,221.18
2021-05-07,224.123
2021-05-10,209.68
2021-05-11,205.733
2021-05-12,196.63
2021-05-13,190.563
2021-05-14,196.58
2021-05-17,192.277
2021-05-18,192.623
2021-05-19,187.82
2021-05-20,195.593
2021-05-21,193.627
2021-05-24,202.147
2021-05-25,201.563
2021-05-26,206.377
2021-05-27,210.283
2021-05-28,208.407
2021-06-01,207.967
2021-06-02,201.707
2021-06-03,190.947
2021-06-04,199.683
2021-06-07,201.71
2021-06-08,201.197
2021-06-09,199.593
2021-06-10,203.373
2021-06-11,203.297
2021-06-14,205.897
2021-06-15,199.787
2021-06-16,201.623
2021-06-17,205.533
2021-06-18,207.77
2021-06-21,206.943
2021-06-22,207.903
2021-06-23,218.857
2021-06-24,226.607
2021-06-25,223.957
2021-06-28,229.573
2021-06-29,226.92
2021-06-30,226.567
2021-07-01,225.973
2021-07-02,226.3
2021-07-06,219.86
2021-07-07,214.883
2021-07-08,217.603
2021-07-09,218.983
2021-07-12,228.567
2021-07-13,222.847
2021-07-14,217.793
2021-07-15,216.867
2021-07-16,214.74
2021-07-19,215.407
2021-07-20,220.167
2021-07-21,218.43
2021-07-22,216.42
2021-07-23,214.46
2021-07-26,219.207
2021-07-27,214.927
2021-07-28,215.66
2021-07-29,225.783
2021-07-30,229.067
2021-08-02,236.557
2021-08-03,236.58
2021-08-04,236.973
2021-08-05,238.21
2021-08-06,233.033
2021-08-09,237.92
2021-08-10,236.663
2021-08-11,235.94
2021-08-12,240.75
2021-08-13,239.057
2021-08-16,228.723
2021-08-17,221.903
2021-08-18,229.663
2021-08-19,224.49
2021-08-20,226.753
2021-08-23,235.433
2021-08-24,236.163
2021-08-25,237.067
2021-08-26,233.72
2021-08-27,237.307
2021-08-30,243.637
2021-08-31,245.24
2021-09-01,244.697
2021-09-02,244.13
2021-09-03,244.523
2021-09-07,250.973
2021-09-08,251.29
2021-09-09,251.62
2021-09-10,245.423
2021-09-13,247.667
2021-09-14,248.163
2021-09-15,251.943
2021-09-16,252.33
2021-09-17,253.163
2021-09-20,243.39
2021-09-21,246.46
2021-09-22,250.647
2021-09-23,251.213
2021-09-24,258.13
2021-09-27,263.787
2021-09-28,259.187
2021-09-29,260.437
2021-09-30,258.493
2021-10-01,258.407
2021-10-04,260.51
2021-10-05,260.197
2021-10-06,260.917
2021-10-07,264.537
2021-10-08,261.83
2021-10-11,263.98
2021-10-12,268.573
2021-10-13,270.36
2021-10-14,272.773
2021-10-15,281.01
2021-10-18,290.037
2021-10-19,288.09
2021-10-20,288.6
2021-10-21,298
2021-10-22,303.227
2021-10-25,341.62
2021-10-26,339.477
2021-10-27,345.953
2021-10-28,359.013
2021-10-29,371.333
2021-11-01,402.863
2021-11-02,390.667
2021-11-03,404.62
2021-11-04,409.97
2021-11-05,407.363
2021-11-08,387.647
2021-11-09,341.167
2021-11-10,355.983
2021-11-11,354.503
2021-11-12,344.473
2021-11-15,337.797
2021-11-16,351.577
2021-11-17,363.003
2021-11-18,365.46
2021-11-19,379.02
2021-11-22,385.623
2021-11-23,369.677
2021-11-24,372
2021-11-26,360.64
2021-11-29,378.997
2021-11-30,381.587
2021-12-01,365
2021-12-02,361.533
2021-12-03,338.323
2021-12-06,336.337
2021-12-07,350.583
2021-12-08,356.32
2021-12-09,334.6
2021-12-10,339.01
2021-12-13,322.137
2021-12-14,319.503
2021-12-15,325.33
2021-12-16,308.973
2021-12-17,310.857
2021-12-20,299.98
2021-12-21,312.843
2021-12-22,336.29
2021-12-23,355.667
2021-12-27,364.647
2021-12-28,362.823
2021-12-29,362.063
2021-12-30,356.78
2021-12-31,352.26
2022-01-03,399.927
2022-01-04,383.197
2022-01-05,362.707
2022-01-06,354.9
2022-01-07,342.32
2022-01-10,352.707
2022-01-11,354.8
2022-01-12,368.74
2022-01-13,343.853
2022-01-14,349.87
2022-01-18,343.503
2022-01-19,331.883
2022-01-20,332.09
2022-01-21,314.633
2022-01-24,310
2022-01-25,306.133
2022-01-26,312.47
2022-01-27,276.367
2022-01-28,282.117
2022-01-31,312.24
2022-02-01,310.417
2022-02-02,301.887
2022-02-03,297.047
2022-02-04,307.773
2022-02-07,302.447
2022-02-08,307.333
2022-02-09,310.667
2022-02-10,301.517
2022-02-11,286.667
2022-02-14,291.92
2022-02-15,307.477
2022-02-16,307.797
2022-02-17,292.117
2022-02-18,285.66
2022-02-22,273.843
2022-02-23,254.68
2022-02-24,266.923
2022-02-25,269.957
2022-02-28,290.143
2022-03-01,288.123
2022-03-02,293.297
2022-03-03,279.763
2022-03-04,279.43
2022-03-07,268.193
2022-03-08,274.8
2022-03-09,286.323
2022-03-10,279.433
2022-03-11,265.117
2022-03-14,255.457
2022-03-15,267.297
2022-03-16,280.077
2022-03-17,290.533
2022-03-18,301.797
2022-03-21,307.053
2022-03-22,331.327
2022-03-23,333.037
2022-03-24,337.973
2022-03-25,336.88
2022-03-28,363.947
2022-03-29,366.523
2022-03-30,364.663
2022-03-31,359.2
2022-04-01,361.53
2022-04-04,381.817
2022-04-05,363.753
2022-04-06,348.587
2022-04-07,352.42
2022-04-08,341.83
2022-04-11,325.31
2022-04-12,328.983
2022-04-13,340.79
2022-04-14,328.333
2022-04-18,334.763
2022-04-19,342.717
2022-04-20,325.733
2022-04-21,336.26
2022-04-22,335.017
2022-04-25,332.673
2022-04-26,292.14
2022-04-27,293.837
2022-04-28,292.503
2022-04-29,290.253
2022-05-02,300.98
2022-05-03,303.083
2022-05-04,317.54
2022-05-05,291.093
2022-05-06,288.55
2022-05-09,262.37
2022-05-10,266.68
2022-05-11,244.667
2022-05-12,242.667
2022-05-13,256.53
2022-05-16,241.457
2022-05-17,253.87
2022-05-18,236.603
2022-05-19,236.473
2022-05-20,221.3
2022-05-23,224.967
2022-05-24,209.387
2022-05-25,219.6
2022-05-26,235.91
2022-05-27,253.21
2022-05-31,252.753
2022-06-01,246.79
2022-06-02,258.333
2022-06-03,234.517
2022-06-06,238.28
2022-06-07,238.887
2022-06-08,241.867
2022-06-09,239.707
2022-06-10,232.23
2022-06-13,215.737
2022-06-14,220.89
2022-06-15,233
2022-06-16,213.1
2022-06-17,216.76
2022-06-21,237.037
2022-06-22,236.087
2022-06-23,235.07
2022-06-24,245.707
2022-06-27,244.92
2022-06-28,232.663
2022-06-29,228.49
2022-06-30,224.473
2022-07-01,227.263
2022-07-05,233.067
2022-07-06,231.733
2022-07-07,244.543
2022-07-08,250.763
2022-07-11,234.343
2022-07-12,233.07
2022-07-13,237.04
2022-07-14,238.313
2022-07-15,240.067
2022-07-18,240.547
2022-07-19,245.53
2022-07-20,247.5
2022-07-21,271.707
2022-07-22,272.243
2022-07-25,268.433
2022-07-26,258.86
2022-07-27,274.82
2022-07-28,280.9
2022-07-29,297.15
2022-08-01,297.277
2022-08-02,300.587
2022-08-03,307.397
2022-08-04,308.633
2022-08-05,288.17
2022-08-08,290.423
2022-08-09,283.333
2022-08-10,294.357
2022-08-11,286.63
2022-08-12,300.03
2022-08-15,309.32
2022-08-16,306.563
2022-08-17,303.997
2022-08-18,302.87
2022-08-19,296.667
2022-08-22,289.913
2022-08-23,296.453
2022-08-24,297.097
2022-08-25,296.07
2022-08-26,288.09
2022-08-29,284.82
2022-08-30,277.7
2022-08-31,275.61
2022-09-01,277.16
2022-09-02,270.21
2022-09-06,274.42
2022-09-07,283.7
2022-09-08,289.26
2022-09-09,299.68
2022-09-12,304.42
2022-09-13,292.13
2022-09-14,302.61
2022-09-15,303.75
2022-09-16,303.35
2022-09-19,309.07
2022-09-20,308.73
2022-09-21,300.8
2022-09-22,288.59
2022-09-23,275.33
2022-09-26,276.01
2022-09-27,282.94
2022-09-28,287.81
2022-09-29,268.21
2022-09-30,265.25
2022-10-03,242.4
2022-10-04,249.44
2022-10-05,240.81
2022-10-06,238.13
2022-10-07,223.07
2022-10-10,222.96
2022-10-11,216.5
2022-10-12,217.24
2022-10-13,221.72
2022-10-14,204.99
2022-10-17,219.35
2022-10-18,220.19
2022-10-19,222.04
2022-10-20,207.28
2022-10-21,214.44
2022-10-24,211.25
2022-10-25,222.415
2022-10-26,224.64
2022-10-27,225.09
2022-10-28,228.52
2022-10-31,227.54
2022-11-01,227.82
2022-11-02,214.98
2022-11-03,215.31
2022-11-04,207.47
2022-11-07,197.08
2022-11-08,191.3
2022-11-09,177.59
2022-11-10,190.72
2022-11-11,195.97
2022-11-14,190.95
2022-11-15,194.42
2022-11-16,186.92
2022-11-17,183.17
2022-11-18,180.19
2022-11-21,167.87
2022-11-22,169.91
2022-11-23,183.2
2022-11-25,182.86
2022-11-28,182.92
2022-11-29,180.83
2022-11-30,194.7
2022-12-01,194.7
2022-12-02,194.86
2022-12-05,182.45
2022-12-06,179.82
2022-12-07,174.04
2022-12-08,173.44
2022-12-09,179.05
2022-12-12,167.82
2022-12-13,160.95
2022-12-14,156.8
2022-12-15,157.67
2022-12-16,150.23
2022-12-19,149.87
2022-12-20,137.8
2022-12-21,137.57
2022-12-22,125.35
2022-12-23,123.15
2022-12-27,109.1
2022-12-28,112.71
2022-12-29,121.82
2022-12-30,123.18
2023-01-03,108.1
2023-01-04,113.64
2023-01-05,110.34
2023-01-06,113.06
2023-01-09,119.77
2023-01-10,118.85
2023-01-11,123.22
2023-01-12,123.56
2023-01-13,122.4
2023-01-17,131.49
2023-01-18,128.78
2023-01-19,127.17
2023-01-20,133.42
2023-01-23,143.75
2023-01-24,143.89
2023-01-25,144.43
2023-01-26,160.27
2023-01-27,177.9
2023-01-30,166.66
2023-01-31,173.22
2023-02-01,181.41
2023-02-02,188.27
2023-02-03,189.98
2023-02-06,194.76
2023-02-07,196.81
2023-02-08,201.29
2023-02-09,207.32
2023-02-10,196.89
2023-02-13,194.64
2023-02-14,209.25
2023-02-15,214.24
2023-02-16,202.04
2023-02-17,208.31
2023-02-21,197.37
2023-02-22,200.86
2023-02-23,202.07
2023-02-24,196.88
2023-02-27,207.63
2023-02-28,205.71
2023-03-01,202.77
2023-03-02,190.9
2023-03-03,197.79
2023-03-06,193.81
2023-03-07,187.71
2023-03-08,182
2023-03-09,172.92
2023-03-10,173.44
2023-03-13,174.48
2023-03-14,183.26
2023-03-15,180.45
2023-03-16,184.13
2023-03-17,180.13
2023-03-20,183.25
2023-03-21,197.58
2023-03-22,191.15
2023-03-23,192.22
2023-03-24,190.41
2023-03-27,191.81
2023-03-28,189.19
2023-03-29,193.88
2023-03-30,195.28
2023-03-31,207.46
2023-04-03,194.77
2023-04-04,192.58
2023-04-05,185.52
2023-04-06,185.06
2023-04-10,184.51
2023-04-11,186.79
2023-04-12,180.54
2023-04-13,185.9
2023-04-14,185
2023-04-17,187.04
2023-04-18,184.31
2023-04-19,180.59
2023-04-20,162.99
2023-04-21,165.08
2023-04-24,162.55
2023-04-25,160.67
2023-04-26,153.75
2023-04-27,160.19
2023-04-28,164.31
2023-05-01,161.83
2023-05-02,160.31
2023-05-03,160.61
2023-05-04,161.2
2023-05-05,170.06
2023-05-08,171.79
2023-05-09,169.15
2023-05-10,168.54
2023-05-11,172.08
2023-05-12,167.98
2023-05-15,166.35
2023-05-16,166.52
2023-05-17,173.86
2023-05-18,176.89
2023-05-19,180.14
2023-05-22,188.87
2023-05-23,185.77
2023-05-24,182.9
2023-05-25,184.47
2023-05-26,193.17
2023-05-30,201.16
2023-05-31,203.93
2023-06-01,207.52
2023-06-02,213.97
2023-06-05,217.61
2023-06-06,221.31
2023-06-07,224.57
2023-06-08,234.86
2023-06-09,244.4
2023-06-12,249.83
2023-06-13,258.71
2023-06-14,256.79
2023-06-15,255.9
2023-06-16,260.54
2023-06-20,274.45
2023-06-21,259.46
2023-06-22,264.61
2023-06-23,256.6
2023-06-26,241.05
2023-06-27,250.21
2023-06-28,256.24
2023-06-29,257.5
2023-06-30,261.77
2023-07-03,279.82
2023-07-05,282.48
2023-07-06,276.54
2023-07-07,274.43
2023-07-10,269.61
2023-07-11,269.79
2023-07-12,271.99
2023-07-13,277.9
2023-07-14,281.38
2023-07-17,290.38
2023-07-18,293.34
2023-07-19,291.26
2023-07-20,262.9
2023-07-21,260.02
2023-07-24,269.06
2023-07-25,265.28
2023-07-26,264.35
2023-07-27,255.71
2023-07-28,266.44
2023-07-31,267.43
2023-08-01,261.07
2023-08-02,254.11
2023-08-03,259.32
2023-08-04,253.86
2023-08-07,251.45
2023-08-08,249.7
2023-08-09,242.19
2023-08-10,245.34
2023-08-11,242.65
2023-08-14,239.76
2023-08-15,232.96
2023-08-16,225.6
2023-08-17,219.22
2023-08-18,215.49
2023-08-21,231.28
2023-08-22,233.19
2023-08-23,236.86
2023-08-24,230.04
2023-08-25,238.59
2023-08-28,238.82
2023-08-29,257.18
2023-08-30,256.9
2023-08-31,258.08
2023-09-01,245.01
2023-09-05,256.49
2023-09-06,251.92
2023-09-07,251.49
2023-09-08,248.5
2023-09-11,273.58
2023-09-12,267.48
2023-09-13,271.3
2023-09-14,276.04
2023-09-15,274.39
2023-09-18,265.28
2023-09-19,266.5
2023-09-20,262.59
2023-09-21,255.7
2023-09-22,244.88
2023-09-25,246.99
2023-09-26,244.12
2023-09-27,240.5
2023-09-28,246.38
2023-09-29,250.22
2023-10-02,251.6
2023-10-03,246.53
2023-10-04,261.16
2023-10-05,260.05
2023-10-06,260.53
2023-10-09,259.67
2023-10-10,263.62
2023-10-11,262.99
2023-10-12,258.87
2023-10-13,251.12
2023-10-16,253.92
2023-10-17,254.85
2023-10-18,242.68
2023-10-19,220.11
2023-10-20,211.99
2023-10-23,212.08
2023-10-24,216.52
2023-10-25,212.42
2023-10-26,205.76
2023-10-27,207.3
2023-10-30,197.36
2023-10-31,200.84
2023-11-01,205.66
2023-11-02,218.51
2023-11-03,219.96
2023-11-06,219.27
2023-11-07,222.18
2023-11-08,222.11
2023-11-09,209.98
2023-11-10,214.65
2023-11-13,223.71
2023-11-14,237.41
2023-11-15,242.84
2023-11-16,233.59
2023-11-17,234.3
2023-11-20,235.6
2023-11-21,241.2
2023-11-22,234.21
2023-11-24,235.45
2023-11-27,236.08
2023-11-28,246.72
2023-11-29,244.14
2023-11-30,240.08
2023-12-01,238.83
2023-12-04,235.58
2023-12-05,238.72
2023-12-06,239.37
2023-12-07,242.64
2023-12-08,243.84
2023-12-11,239.74
2023-12-12,237.01
2023-12-13,239.29
2023-12-14,251.05
2023-12-15,253.5
2023-12-18,252.08
2023-12-19,257.22
2023-12-20,247.14
2023-12-21,254.5
2023-12-22,252.54
2023-12-26,256.61
2023-12-27,261.44
2023-12-28,253.18
2023-12-29,248.48
2024-01-02,248.42
2024-01-03,238.45
2024-01-04,237.93
2024-01-05,237.49
2024-01-08,240.45
2024-01-09,234.96
2024-01-10,233.94
2024-01-11,227.22
2024-01-12,218.89
2024-01-16,219.91
2024-01-17,215.55
2024-01-18,211.88
2024-01-19,212.19
2024-01-22,208.8
2024-01-23,209.14
2024-01-24,207.83
2024-01-25,182.63
2024-01-26,183.25
2024-01-29,190.93
2024-01-30,191.59
2024-01-31,187.29
2024-02-01,188.86
2024-02-02,187.91
2024-02-05,181.06
2024-02-06,185.1
2024-02-07,187.58
2024-02-08,189.56
2024-02-09,193.57
2024-02-12,188.13
2024-02-13,184.02
2024-02-14,188.71
2024-02-15,200.45
2024-02-16,199.95
2024-02-20,193.76
2024-02-21,194.77
2024-02-22,197.41
2024-02-23,191.97
2024-02-26,199.4
2024-02-27,199.73
2024-02-28,202.04
2024-02-29,201.88
2024-03-01,202.64
2024-03-04,188.14
2024-03-05,180.74
2024-03-06,176.54
2024-03-07,178.65
2024-03-08,175.34
2024-03-11,177.77
2024-03-12,177.54
2024-03-13,169.48
2024-03-14,162.5
2024-03-15,163.57
2024-03-18,173.8
2024-03-19,171.32
2024-03-20,175.66
2024-03-21,172.82
2024-03-22,170.83
2024-03-25,172.63
2024-03-26,177.67
2024-03-27,179.83
2024-03-28,175.79
2024-04-01,175.22
2024-04-02,166.63
2024-04-03,168.38
2024-04-04,171.11
2024-04-05,164.9
2024-04-08,172.98
2024-04-09,176.88
2024-04-10,171.76
2024-04-11,174.6
2024-04-12,171.05
2024-04-15,161.48
2024-04-16,157.11
2024-04-17,155.45
2024-04-18,149.93
2024-04-19,147.0101
2024-04-22,142.05
2024-04-23,144.68
2024-04-24,162.13
2024-04-25,170.18
2024-04-26,168.29
2024-04-29,194.05
2024-04-30,183.28
2024-05-01,179.99
2024-05-02,180.01
2024-05-03,181.19
2024-05-06,184.76
2024-05-07,177.81
2024-05-08,174.72
2024-05-09,171.97
2024-05-10,168.47
2024-05-13,171.89
2024-05-14,177.55
2024-05-15,173.99
2024-05-16,174.84
2024-05-17,177.46
2024-05-20,174.95
2024-05-21,186.6
2024-05-22,180.11
2024-05-23,173.74
2024-05-24,179.24
2024-05-28,176.75
2024-05-29,176.19
2024-05-30,178.79
2024-05-31,178.08
2024-06-03,176.29
2024-06-04,174.77
2024-06-05,175
2024-06-06,177.94
2024-06-07,177.48
2024-06-10,173.79
2024-06-11,170.66
2024-06-12,177.29
2024-06-13,182.47
2024-06-14,178.01
2024-06-17,187.44
2024-06-18,184.86
2024-06-20,181.57
2024-06-21,183.01
2024-06-24,182.58
2024-06-25,187.35
2024-06-26,196.37
2024-06-27,197.42
2024-06-28,197.88
2024-07-01,209.86
2024-07-02,231.26
2024-07-03,246.39
2024-07-05,251.52
2024-07-08,252.94
2024-07-09,262.33
2024-07-10,263.26
2024-07-11,241.03
2024-07-12,248.23
2024-07-15,252.64
2024-07-16,256.56
2024-07-17,248.5
2024-07-18,249.23
2024-07-19,239.2
2024-07-22,251.51
2024-07-23,246.38
2024-07-24,215.99
2024-07-25,220.25
2024-07-26,219.8
2024-07-29,232.1
2024-07-30,222.62
2024-07-31,232.07
2024-08-01,216.86
2024-08-02,207.67
2024-08-05,198.88
2024-08-06,200.64
2024-08-07,191.76
2024-08-08,198.84
2024-08-09,200
2024-08-12,197.49
2024-08-13,207.83
2024-08-14,201.38
2024-08-15,214.14
2024-08-16,216.12
2024-08-19,222.72
2024-08-20,221.1
2024-08-21,223.27
2024-08-22,210.66
2024-08-23,220.32
2024-08-26,213.21
2024-08-27,209.21
2024-08-28,205.75
2024-08-29,206.28
2024-08-30,214.11
2024-09-03,210.6
2024-09-04,219.41
2024-09-05,230.17
2024-09-06,210.73
2024-09-09,216.27
2024-09-10,226.17
2024-09-11,228.13
2024-09-12,229.81
2024-09-13,230.29
2024-09-16,226.78
2024-09-17,227.87
2024-09-18,227.2
2024-09-19,243.92
2024-09-20,238.25
2024-09-23,250
2024-09-24,254.27
2024-09-25,257.02
2024-09-26,254.22
2024-09-27,260.46
2024-09-30,261.63
2024-10-01,258.02
2024-10-02,249.02
2024-10-03,240.66
2024-10-04,250.08
2024-10-07,240.83
2024-10-08,244.5
2024-10-09,241.05
2024-10-10,238.77
2024-10-11,217.8
2024-10-14,219.16
2024-10-15,219.57
2024-10-16,221.33
2024-10-17,220.89
2024-10-18,220.7
2024-10-21,218.85
2024-10-22,217.97
2024-10-23,213.65
2024-10-24,260.48
2024-10-25,269.19
2024-10-28,262.51
2024-10-29,259.52
2024-10-30,257.55
2024-10-31,249.85
2024-11-01,248.98
2024-11-04,242.84
2024-11-05,251.44
2024-11-06,288.53
2024-11-07,296.91
2024-11-08,321.22
2024-11-11,350
2024-11-12,328.49
2024-11-13,330.24
2024-11-14,311.18
2024-11-15,320.72
2024-11-18,338.74
2024-11-19,346
2024-11-20,342.03
2024-11-21,339.64
2024-11-22,352.56
2024-11-25,338.59
2024-11-26,338.23
2024-11-27,332.89
2024-11-29,345.16
2024-12-02,357.09
2024-12-03,351.42
2024-12-04,357.93
2024-12-05,369.49
2024-12-06,389.22
2024-12-09,389.79
2024-12-10,400.99
2024-12-11,424.77
2024-12-12,418.1
2024-12-13,436.23
2024-12-16,463.02
2024-12-17,479.86
2024-12-18,440.13
2024-12-19,436.17
2024-12-20,421.06
2024-12-23,430.6
2024-12-24,462.28
2024-12-26,454.13
2024-12-27,431.66
2024-12-30,417.41
2024-12-31,403.84
2025-01-02,379.28
2025-01-03,410.44
2025-01-06,411.05
2025-01-07,394.36
2025-01-08,394.94
2025-01-10,394.74
2025-01-13,403.31
2025-01-14,396.36
2025-01-15,428.22
2025-01-16,413.82
2025-01-17,426.5
2025-01-21,424.07
2025-01-22,415.11
2025-01-23,412.38
2025-01-24,406.58
2025-01-27,397.15
2025-01-28,398.09
2025-01-29,389.1
2025-01-30,400.28
2025-01-31,404.6
2025-02-03,383.68
2025-02-04,392.21
2025-02-05,378.17
2025-02-06,374.32
2025-02-07,361.62
2025-02-10,350.73
2025-02-11,328.5
2025-02-12,336.51
2025-02-13,355.94
2025-02-14,355.84
2025-02-18,354.11
2025-02-19,360.56
2025-02-20,354.4
2025-02-21,337.8
2025-02-24,330.4
2025-02-25,302.8
2025-02-26,290.8
2025-02-27,281.95
2025-02-28,292.98
2025-03-03,284.65
2025-03-04,272.04
2025-03-05,279.1
2025-03-06,263.45
2025-03-07,262.67
2025-03-10,222.15
2025-03-11,230.58
2025-03-12,248.09
2025-03-13,240.68
2025-03-14,249.98
2025-03-17,238.01
2025-03-18,225.31
2025-03-19,235.86
2025-03-20,236.26
2025-03-21,248.71
2025-03-24,278.39
2025-03-25,288.14
2025-03-26,272.06
2025-03-27,273.13
2025-03-28,263.55
2025-03-31,259.16
2025-04-01,268.46
2025-04-02,282.76
2025-04-03,267.28
2025-04-04,239.43
2025-04-07,233.29
2025-04-08,221.86
2025-04-09,272.2
2025-04-10,252.4
2025-04-11,252.31
2025-04-14,252.35
2025-04-15,254.11
2025-04-16,241.55
2025-04-17,241.37
2025-04-21,227.5
2025-04-22,237.97
2025-04-23,250.74
2025-04-24,259.51
2025-04-25,284.95
2025-04-28,285.88
2025-04-29,292.03
2025-04-30,282.16
2025-05-01,280.52
2025-05-02,287.21
2025-05-05,280.26
2025-05-06,275.35
2025-05-07,276.22
2025-05-08,284.82
2025-05-09,298.26
2025-05-12,318.38
2025-05-13,334.07
2025-05-14,347.68
2025-05-15,342.82
2025-05-16,349.98
2025-05-19,342.09
2025-05-20,343.82
2025-05-21,334.62
2025-05-22,341.04
2025-05-23,339.34
2025-05-27,362.89
2025-05-28,356.9
2025-05-29,358.43
2025-05-30,346.46
2025-06-02,342.69
2025-06-03,344.27
2025-06-04,332.05
2025-06-05,284.7
2025-06-06,295.14
2025-06-09,308.58
2025-06-10,326.09
2025-06-11,326.43
2025-06-12,319.11
2025-06-13,325.31
2025-06-16,329.13
2025-06-17,316.35
2025-06-18,322.05
2025-06-20,322.16
2025-06-23,348.68
2025-06-24,340.47
2025-06-25,327.55
2025-06-26,325.78
2025-06-27,323.63
2025-06-30,317.66
2025-07-01,300.71
2025-07-02,315.65
2025-07-03,315.35
2025-07-07,293.94
2025-07-08,297.81
2025-07-09,295.88
2025-07-10,309.87
2025-07-11,313.51
2025-07-14,316.9
2025-07-15,310.78
2025-07-16,321.67
2025-07-17,319.41
2025-07-18,329.65
2025-07-21,328.49
2025-07-22,332.11
2025-07-23,332.56
2025-07-24,305.3
2025-07-25,316.06
2025-07-28,325.59
2025-07-29,321.2
2025-07-30,319.04
2025-07-31,308.27
2025-08-01,302.63
2025-08-04,309.26
2025-08-05,308.72
2025-08-06,319.91
2025-08-07,322.27
2025-08-08,329.65
2025-08-11,339.03
2025-08-12,340.84
2025-08-13,339.38
2025-08-14,335.58
2025-08-15,330.56
2025-08-18,335.16
2025-08-19,329.31
2025-08-20,323.9
2025-08-21,320.11
2025-08-22,340.01
2025-08-25,346.6
2025-08-26,351.67
2025-08-27,349.6
2025-08-28,345.98
2025-08-29,333.87
2025-09-02,329.36
2025-09-03,334.09
2025-09-04,338.53
2025-09-05,350.84
2025-09-08,346.4
2025-09-09,346.97
2025-09-10,347.79
2025-09-11,368.81
2025-09-12,395.94
2025-09-15,410.04
2025-09-16,421.62
2025-09-17,425.86
2025-09-18,416.85
2025-09-19,426.07
2025-09-22,434.21
2025-09-23,425.85
2025-09-24,442.79
2025-09-25,423.39
2025-09-26,440.4
2025-09-29,443.21
2025-09-30,444.72
2025-10-01,459.46
2025-10-02,436
2025-10-03,429.83
2025-10-06,453.25
2025-10-07,433.09
2025-10-08,438.69
2025-10-09,435.54
2025-10-10,413.49
2025-10-13,435.9
2025-10-14,429.24
2025-10-15,435.15
2025-10-16,428.75
2025-10-17,439.31
2025-10-20,447.43
2025-10-21,442.6
2025-10-22,438.97
2025-10-23,448.98
2025-10-24,433.72
2025-10-27,452.42
2025-10-28,460.55
2025-10-29,461.51
2025-10-30,440.1
2025-10-31,456.56
2025-11-03,468.37
2025-11-04,444.26
2025-11-05,462.07
2025-11-06,445.91
2025-11-07,429.52
2025-11-10,445.23
2025-11-11,439.62
2025-11-12,430.6
2025-11-13,401.99
2025-11-14,411.35
